N5,1,ちゃいけない・じゃいけない,cha ikenai / ja ikenai,must not do (spoken Japanese),,,,,,source: https://jlptsensei.com
N5,2,だ・です,da / desu,"to be (am, is, are, were, used to)",,,,,,
N5,3,だけ,dake,only; just; as much as,,,,,,
N5,4,だろう,darou,I think; it seems; probably; right?,,,,,,
N5,5,で,de,in; at; on; by; with; via,,,,,,
N5,6,でも,demo,but; however,,,,,,
N5,7,でしょう,deshou,I think; it seems; probably; right?,,,,,,
N5,8,どんな,donna,what kind of; what sort of,,,,,,
N5,9,どうして,doushite,why; for what reason; how,,,,,,
N5,10,どうやって,douyatte,how; in what way; by what means,,,,,,
N5,11,が,ga,subject marker; however; but,,,,,,
N5,12,があります,ga arimasu,there is; is (non-living things),,,,,,
N5,13,がほしい,ga hoshii,to want something,,,,,,
N5,14,がいます,ga imasu,there is; to be; is (living things),,,,,,
N5,15,ほうがいい,hou ga ii,had better; it'd be better to; should~,,,,,,
N5,16,い-adjectives,i-adjectives,i-adjectives,,,,,,
N5,17,一番,ichiban,the most; the best,,,,,,
N5,18,一緒に,issho ni,together,,,,,,
N5,19,いつも,itsumo,always; usually; habitually,,,,,,
N5,20,じゃない・ではない,janai / dewa nai,to not be (am not; is not; are not),,,,,,
N5,21,か,ka,question particle,,,,,,
N5,22,か〜か,ka~ka,or,,,,,,
N5,23,から,kara,because; since; from,,,,,,
N5,24,方,kata,the way of doing something; how to do,,,,,,
N5,25,けど,kedo,but; however; although,,,,,,
N5,26,けれども,keredo mo,but; however; although,,,,,,
N5,27,まだ,mada,still; not yet,,,,,,
N5,28,まだ〜ていません,mada ~te imasen,have not yet,,,,,,
N5,29,まで,made,until ~; as far as ~; to (an extent); even ~,,,,,,
N5,30,前に,mae ni,before ~; in front of ~,,,,,,
N5,31,ませんか,masen ka,would you; do you want to; shall we~,,,,,,
N5,32,ましょう,mashou,let's ~; shall we ~,,,,,,
N5,33,ましょうか,mashouka,shall I ~; used to offer help to the listener,,,,,,
N5,34,も,mo,too; also; as well,,,,,,
N5,35,もう,mou,already; anymore; again; other,,,,,,
N5,36,な-adjectives,na-adjectives,na-adjectives,,,,,,
N5,37,なあ,naa,"sentence ending particle; confirmation; admiration, etc",,,,,,
N5,38,ないで,naide,without doing~ ; To do [B] without doing [A],,,,,,
N5,39,ないでください,naide kudasai,please don't do,,,,,,
N5,40,なくてもいい,naku temo ii,don't have to,,,,,,
N5,41,なくちゃ,nakucha,must do; need to; gotta do,,,,,,
N5,42,なくてはいけない,nakute wa ikenai,must do; need to do,,,,,,
N5,43,なくてはならない,nakute wa naranai,must do; need to do,,,,,,
N5,44,なる,naru,to become,,,,,,
N5,45,んです,ndesu,to explain something; show emphasis,,,,,,
N5,46,ね,ne,isn't it? right? eh?,,,,,,
N5,47,に,ni,destination particle; in; at; on; to,,,,,,
N5,48,にいく,ni iku,go to do,,,,,,
N5,49,にする,ni suru,to decide on,,,,,,
N5,50,に/へ,ni/e,to (indicates direction / destination),,,,,,
N5,51,の,no,possessive particle,,,,,,
N5,52,のです,no desu,to explain something; show emphasis,,,,,,
N5,53,のが下手,no ga heta,to be bad at doing something,,,,,,
N5,54,のが上手,no ga jouzu,to be good at,,,,,,
N5,55,のが好き,no ga suki,to like doing something,,,,,,
N5,56,の中で[A]が一番,no naka de [A] ga ichiban,"out of this group, [A] is best",,,,,,
N5,57,ので,node,because of; given that; since,,,,,,
N5,58,を,o / wo,object marker particle,,,,,,
N5,59,をください,o kudasai,please give me~,,,,,,
N5,60,しかし,shikashi,but; however,,,,,,
N5,61,すぎる,sugiru,too much,,,,,,
N5,62,たことがある,ta koto ga aru,to have done something before,,,,,,
N5,63,たい,tai,want to do something,,,,,,
N5,64,たり〜たり,tari~tari,do such things as A and B,,,,,,
N5,65,てある,te aru,is/has been done (resulting state),,,,,,
N5,66,ている,te iru,ongoing action or current state,,,,,,
N5,67,てから,te kara,after doing~,,,,,,
N5,68,てください,te kudasai,please do,,,,,,
N5,69,てはいけない,te wa ikenai,must not; may not; cannot,,,,,,
N5,70,てもいいです,temo ii desu,is OK to..; is alright to..; may I..?,,,,,,
N5,71,と,to,and; with; as; connecting particle,,,,,,
N5,72,とき,toki,when; at this time,,,,,,
N5,73,とても,totemo,very; awfully; exceedingly,,,,,,
N5,74,つもり,tsumori,plan to ~; intend to ~,,,,,,
N5,75,は,wa - topic marker,topic marker,,,,,,
N5,76,は〜より・・・です,wa ~yori... desu,[A] is more ~ than [B],,,,,,
N5,77,はどうですか,wa dou desu ka,how about; how is,,,,,,
N5,78,や,ya,and; or; connecting particle,,,,,,
N5,79,よ,yo,you know; emphasis (ending particle),,,,,,
N5,80,より〜ほうが,yori ~hou ga,[A] is more than [B],,,,,,
N4,1,間,aida,while; during; between,,,,,,
N4,2,間に,aida ni,while/during~ something happened,,,,,,
N4,3,あまり～ない,amari~nai,"not very, not much",,,,,,
N4,4,後で,ato de,after ~; later,,,,,,
N4,5,ば,ba,conditional form; If [A] then [B],,,,,,
N4,6,場合は,baai wa,in the event of; in the case that,,,,,,
N4,7,ばかり,bakari,only; nothing but,,,,,,
N4,8,だけで,dake de,just by; just by doing,,,,,,
N4,9,出す,dasu,to suddenly begin; to suddenly appear,,,,,,
N4,10,でございます,de gozaimasu,to be (honorific),,,,,,
N4,11,でも,demo,... or something,,,,,,
N4,12,ではないか,dewa nai ka,right?; isn't it?,,,,,,
N4,13,が必要,ga hitsuyou,need; necessary,,,,,,
N4,14,がする,ga suru,to smell; hear; taste,,,,,,
N4,15,がり,gari,personality; tend to~; sensitivity towards~,,,,,,
N4,16,がる・がっている,garu; gatteiru,to show signs of; to appear; to feel,,,,,,
N4,17,ございます,gozaimasu,"to be, to exist (polite form of いる/ある)",,,,,,
N4,18,始める,hajimeru,to start; to begin to ~,,,,,,
N4,19,はずだ,hazu da,it must be; it should be (expectation),,,,,,
N4,20,はずがない,hazu ga nai,cannot be (impossible),,,,,,
N4,21,必要がある,hitsuyou ga aru,need to; it is necessary to,,,,,,
N4,22,意向形,ikou kei,volitional form; let's do ~,,,,,,
N4,23,いらっしゃる,irassharu,to be; to come; to go (polite version),,,,,,
N4,24,いたします,itashimasu,to do (polite form of する),,,,,,
N4,25,じゃないか,janai ka,right? isn't it? let's~; confirmation,,,,,,
N4,26,かどうか,ka dou ka,whether or not,,,,,,
N4,27,かしら,ka shira,I wonder,,,,,,
N4,28,かい,kai,turns a sentence into a yes/no question,,,,,,
N4,29,かもしれない,kamo shirenai,might; perhaps; indicates possibility,,,,,,
N4,30,かな,kana,I wonder; should I?,,,,,,
N4,31,から作る,kara tsukuru,made from; made with,,,,,,
N4,32,きっと,kitto,surely; undoubtedly; certainly; likely,,,,,,
N4,33,頃,koro / goro,around; about; when,,,,,,
N4,34,こと,koto,Verb nominalizer,,,,,,
N4,35,ことがある,koto ga aru,there are times when,,,,,,
N4,36,ことができる,koto ga dekiru,can; able to,,,,,,
N4,37,ことになる,koto ni naru,It has been decided that..; it turns out ~,,,,,,
N4,38,ことにする,koto ni suru,to decide on,,,,,,
N4,39,くする,ku suru,to make something ~,,,,,,
N4,40,急に,kyuu ni,suddenly,,,,,,
N4,41,までに,made ni,by; by the time; indicates time limit,,,,,,
N4,42,まま,mama,as it is; current state; without changing,,,,,,
N4,43,または,matawa,both; or; otherwise; choice of [A] or [B],,,,,,
N4,44,みたいだ,mitai da,"like, similar to, resembling",,,,,,
N4,45,みたいな,mitai na,"like, similar to",,,,,,
N4,46,みたいに,mitai ni,"like, similar to",,,,,,
N4,47,も,mo,as many as; as much as; up to; nearly,,,,,,
N4,48,な,na,don’t ~ (order somebody to not do ~),,,,,,
N4,49,など,nado,"such as, things like",,,,,,
N4,50,ながら,nagara,while; during; as; simultaneously,,,,,,
N4,51,なかなか～ない,nakanaka~nai,not easy to; struggling to; not able to~,,,,,,
N4,52,なければいけない,nakereba ikenai,must do something; have to do something,,,,,,
N4,53,なければならない,nakereba naranai,must do something; have to do something,,,,,,
N4,54,なら,nara,if; in the case that ~,,,,,,
N4,55,なさい,nasai,do this (soft/firm command),,,,,,
N4,56,なさる,nasaru,to do (honorific),,,,,,
N4,57,に気がつく,ni ki ga tsuku,to notice; to realize,,,,,,
N4,58,にみえる,ni mieru,to look; to seem; to appear,,,,,,
N4,59,にする,ni suru,to make something ~,,,,,,
N4,60,にくい,nikui,difficult to do,,,,,,
N4,61,の中で,no naka de,"in, among",,,,,,
N4,62,のに,noni,"although, in spite of, even though",,,,,,
N4,63,のに,noni,to (do something); in order to,,,,,,
N4,64,のは〜だ,nowa~da,[A] is [B]; the reason for [A] is [B],,,,,,
N4,65,お～ください,o~kudasai,please do (honorific),,,,,,
N4,66,お～になる,o~ni naru,to do (honorific),,,,,,
N4,67,おきに,oki ni,"repeated at intervals, every",,,,,,
N4,68,終わる,owaru,to finish; to end,,,,,,
N4,69,られる,rareru,potential form; ability/inability to do ~,,,,,,
N4,70,らしい,rashii,it seems like; I heard; apparently~,,,,,,
N4,71,さ,sa,-ness ; nominalizer for adjective,,,,,,
N4,72,さっき,sakki,some time ago; just now,,,,,,
N4,73,させられる,saserareru,causative-passive; to be made to do ~,,,,,,
N4,74,させる,saseru,causative form; to make/let somebody do,,,,,,
N4,75,させてください,sasete kudasai,please let me do,,,,,,
N4,76,さすが,sasuga,as one would expect; as is to be expected,,,,,,
N4,77,し,shi,and; and what’s more; emphasis,,,,,,
N4,78,そんなに,sonna ni,so much; so; like that,,,,,,
N4,79,それでも,sore demo,but still; and yet; even so,,,,,,
N4,80,そうだ,sou da [1],I heard that; it is said that,,,,,,
N4,81,そうだ,sou da [2],looks like; appears like,,,,,,
N4,82,そうに・そうな,sou ni / sou na,seems like; looks like,,,,,,
N4,83,たばかり,ta bakari,just finished; something just occurred,,,,,,
N4,84,たところ,ta tokoro,"just finished doing, was just doing",,,,,,
N4,85,他動詞 & 自動詞,tadoushi & jidoushi,Transitive & Intransitive Verbs,,,,,,
N4,86,たがる,tagaru,wants to do~ (third person),,,,,,
N4,87,たら,tara,"if, after, when",,,,,,
N4,88,たらどう,tara dou,why don't you,,,,,,
N4,89,たらいいですか,tara ii desu ka,what should I do?; seeking instruction,,,,,,
N4,90,て / で,te / de,"conjunctive; so; because of [A], [B]...",,,,,,
N4,91,てあげる,te ageru,to do for; to do a favor,,,,,,
N4,92,てほしい,te hoshii,I want you to; need you to~,,,,,,
N4,93,ていく,te iku,to start; to continue; to go on,,,,,,
N4,94,ていた,te ita,was doing something (past continuous),,,,,,
N4,95,ていただけませんか,te itadakemasen ka,could you please,,,,,,
N4,96,てくれる,te kureru,to do a favor; do something for someone,,,,,,
N4,97,てくる,te kuru,to do… and come back; to continue,,,,,,
N4,98,てみる,te miru,try doing,,,,,,
N4,99,てもらう,te morau,to get somebody to do something,,,,,,
N4,100,ておく,te oku,to do something in advance,,,,,,
N4,101,てしまう / ちゃう,te shimau / chau,"to do something by accident, to finish",,,,,,
N4,102,てすみません,te sumimasen,I’m sorry for,,,,,,
N4,103,てやる,te yaru,to do for; to do a favor (casual),,,,,,
N4,104,てよかった,te yokatta,I’m glad that..,,,,,,
N4,105,ているところ,teiru tokoro,in the process of doing,,,,,,
N4,106,ても,temo,even; even if; even though,,,,,,
N4,107,と,to,"whenever [A] happens, [B] also happens",,,,,,
N4,108,と言ってもいい,to ittemo ii,you could say; one might say; I'd say,,,,,,
N4,109,という,to iu,called; named; that,,,,,,
N4,110,ということ,to iu koto,convert phrase into noun,,,,,,
N4,111,と言われている,to iwarete iru,it is said that...,,,,,,
N4,112,と聞いた,to kiita,I heard...,,,,,,
N4,113,と思う,to omou,to think…; I think…; you think…,,,,,,
N4,114,とか～とか,toka~toka,among other things; such as; like,,,,,,
N4,115,ところ,tokoro,just about to; on the verge of doing ~,,,,,,
N4,116,続ける,tsuzukeru,continue to; keen on,,,,,,
N4,117,って,tte,named; called,,,,,,
N4,118,受身形,ukemi kei,passive form; passive voice,,,,,,
N4,119,は〜が… は,wa~ga... wa,[A] but [B]; however; comparison,,,,,,
N4,120,やすい,yasui,easy to; likely to; prone to; a tendency to~,,,,,,
N4,121,やっと,yatto,at last; finally; barely; narrowly,,,,,,
N4,122,より,yori,than; rather than; more than,,,,,,
N4,123,予定だ,yotei da,"plan to, intend to",,,,,,
N4,124,ようだ,you da,appears; seems; looks as if,,,,,,
N4,125,ように / ような,you ni / you na,like; as; similar to,,,,,,
N4,126,ようになる,you ni naru,to reach the point that; to turn into,,,,,,
N4,127,ようにする,you ni suru,to try to; to make sure that,,,,,,
N4,128,ようと思う,you to omou,thinking of doing; planning to,,,,,,
N4,129,ぜひ,zehi,by all means; certainly; definitely,,,,,,
N4,130,全然～ない,zenzen~nai,(not) at all,,,,,,
N4,131,づらい,zurai,difficult to do,,,,,,
N3,1,上げる,ageru,to finish doing~,,,,,,
N3,2,あまり,amari,so much… that,,,,,,
N3,3,あまりにも,amari ni mo,too…; so much… that; excessively~,,,,,,
N3,4,合う,au,do something together,,,,,,
N3,5,ばいい,ba ii,"should, can, it’d be good if",,,,,,
N3,6,ばよかった,ba yokatta,"should have, would have been better if~",,,,,,
N3,7,ば～ほど,ba~hodo,the more… the more,,,,,,
N3,8,ば～のに,ba~noni,would have; should have; if only~,,,,,,
N3,9,ばかりで,bakari de,only; just (negative description),,,,,,
N3,10,ばかりでなく,bakari denaku,not only.. but also; as well as,,,,,,
N3,11,べきだ,beki da,should do~; must do~,,,,,,
N3,12,べきではない,beki dewa nai,should not do~; must not do~,,,,,,
N3,13,別に～ない,betsu ni~nai,"not really, not particularly",,,,,,
N3,14,ぶりに,buri ni,for the first time in (period of time),,,,,,
N3,15,中,chuu / juu,currently; during; throughout,,,,,,
N3,16,だけ,dake,as much as~,,,,,,
N3,17,だけでなく,dake de naku,not only… but also,,,,,,
N3,18,だけど,dakedo,however; but,,,,,,
N3,19,だらけ,darake,full of; covered with; a lot of~,,,,,,
N3,20,どんなに～ても,donna ni~temo,no matter how (much),,,,,,
N3,21,どうしても,doushitemo,no matter what; at any cost; after all,,,,,,
N3,22,ふりをする,furi o suru,to pretend; to act as if~,,,,,,
N3,23,ふと,futo,suddenly; accidentally; unexpectedly,,,,,,
N3,24,がち,gachi,tend to; tendency to; frequently; often~,,,,,,
N3,25,がたい,gatai,very difficult to; impossible to,,,,,,
N3,26,気味,gimi,-like; -looking; -looked; tending to,,,,,,
N3,27,ごとに,goto ni,each; every; at intervals of,,,,,,
N3,28,ほど,hodo,degree; extent; bounds; upper limit,,,,,,
N3,29,ほど～ない,hodo~nai,is not as… as,,,,,,
N3,30,一度に,ichido ni,all at once,,,,,,
N3,31,いくら～ても,ikura~temo,no matter how~,,,,,,
N3,32,一方だ,ippou da,more and more; continue to,,,,,,
N3,33,一体,ittai,emphasis; what on earth?,,,,,,
N3,34,じゃない,janai,maybe; most likely; confirmation,,,,,,
N3,35,か何か,ka nani ka,or something,,,,,,
N3,36,かける,kakeru,half-; not yet finished; in the middle of~,,,,,,
N3,37,から〜にかけて,kara~ni kakete,through; from [A] to [B],,,,,,
N3,38,代わりに,kawari ni,instead of; in exchange for~,,,,,,
N3,39,結果,kekka,as a result of; after,,,,,,
N3,40,結局,kekkyoku,after all; eventually; in the end,,,,,,
N3,41,決して～ない,kesshite~nai,never; by no means,,,,,,
N3,42,切れない,kirenai,unable to do; too much to finish,,,,,,
N3,43,きり,kiri,only; just; since; after,,,,,,
N3,44,切る,kiru,to do something completely to the end,,,,,,
N3,45,っけ,kke,casual suffix to confirm something,,,,,,
N3,46,込む,komu,Move inside; do a long time,,,,,,
N3,47,こそ,koso,for sure; precisely; definitely,,,,,,
N3,48,こと,koto,(must) do,,,,,,
N3,49,ことから,koto kara,from the fact that~,,,,,,
N3,50,ことになっている,koto ni natteiru,to be expected to; it has been decided~,,,,,,
N3,51,ことはない,koto wa nai,there is no need to; no possibility that~,,,,,,
N3,52,ことは～が,koto wa~ga,although; but,,,,,,
N3,53,くらい・ぐらい,kurai / gurai,approximately; about; to the extent,,,,,,
N3,54,くせに,kuse ni,although~; despite the fact that~,,,,,,
N3,55,まるで,maru de,as if; as though; just like,,,,,,
N3,56,まさか,masaka,there's no way; that's impossible,,,,,,
N3,57,めったに～ない,metta ni~nai,hardly; rarely; seldom,,,,,,
N3,58,も～ば～も,mo~ba~mo,and; also; as well; either/or; neither,,,,,,
N3,59,もしかしたら,moshika shitara,perhaps; maybe; perchance; by chance,,,,,,
N3,60,もしも〜たら,moshimo~tara,if; in the case; supposing~,,,,,,
N3,61,向け,muke,intended for; aimed at~,,,,,,
N3,62,向き,muki,suitable for~,,,,,,
N3,63,むしろ,mushiro,rather; instead; better,,,,,,
N3,64,ながらも,nagara mo,but; although; despite,,,,,,
N3,65,ないことはない,nai koto wa nai,can do~; is not impossible to~,,,,,,
N3,66,ないと,naito,must do; unless/if you don't~,,,,,,
N3,67,なかなか,nakanaka,quite~; pretty~; rather~; just not ~,,,,,,
N3,68,なんか / なんて,nanka / nante,examples; modesty; make light of~,,,,,,
N3,69,直す,naosu,to do something again; to do over,,,,,,
N3,70,なるべく,naru beku,as much as possible,,,,,,
N3,71,なぜなら,nazenara,because; the reason is,,,,,,
N3,72,んだって,ndatte,I hear that; heard that~,,,,,,
N3,73,に違いない,ni chigai nai,I’m sure/ certain; no doubt that,,,,,,
N3,74,に反して,ni hanshite,against; contrary to; in contrast to,,,,,,
N3,75,にかけて,ni kakete,over (a period); concerning; regarding~,,,,,,
N3,76,に関する,ni kan suru,about; regarding; related to,,,,,,
N3,77,にかわって,ni kawatte,instead of~; replacing~; on behalf of~,,,,,,
N3,78,に比べて,ni kurabete,compared to~; in comparison to~,,,,,,
N3,79,に慣れる,ni nareru,to be used to something,,,,,,
N3,80,において,ni oite,in; at (place); regarding~; as for~,,,,,,
N3,81,にしたがって,ni shitagatte,as; therefore; in accordance with,,,,,,
N3,82,にしても,ni shite mo,even if; even though; regardless of,,,,,,
N3,83,にしては,ni shite wa,for; considering it’s,,,,,,
N3,84,に対して,ni taishite,towards; against; regarding~,,,,,,
N3,85,にとって,ni totte,to; for; concerning; regarding~,,,,,,
N3,86,について,ni tsuite,concerning; regarding; about; on,,,,,,
N3,87,につれて,ni tsurete,as; in proportion to; with; as… then…,,,,,,
N3,88,には,ni wa,for the purpose of; in order to~,,,,,,
N3,89,によると /によれば,ni yoru to/ni yoreba,according to~,,,,,,
N3,90,によって / による,ni yotte / ni yoru,by means of; due to; because of~,,,,,,
N3,91,のでしょうか,no deshou ka,ask a question in a polite way,,,,,,
N3,92,を中心に,o chuushin ni,focused on; centered on,,,,,,
N3,93,をはじめ,o hajime,for example; starting with,,,,,,
N3,94,を込めて,o komete,filled with; full of,,,,,,
N3,95,を通じて /を通して,o tsuujite /o tooshite,through; via; throughout; by,,,,,,
N3,96,おかげで,okage de,thanks to ...; owing to ...; because of ...,,,,,,
N3,97,っぱなし,ppanashi,leaving (something) on / still in use,,,,,,
N3,98,っぽい,ppoi,seems; somewhat; -ish; easily does~;,,,,,,
N3,99,さえ,sae,even; so much as; not even,,,,,,
N3,100,さえ～ば,sae~ba,if only; as long as,,,,,,
N3,101,際に,sai ni,when; at the time of; in the case of,,,,,,
N3,102,最中に,saichuu ni,while; during; in the middle of,,,,,,
N3,103,さらに,sara ni,furthermore; again; more and more,,,,,,
N3,104,さて,sate,conjunction: well; now; then,,,,,,
N3,105,せいで,sei de,because of; due to; as a result of~,,,,,,
N3,106,せいぜい,seizei,at the most; at best; to the utmost,,,,,,
N3,107,しばらく,shibaraku,for a moment; for a while,,,,,,
N3,108,しかない,shikanai,have no choice but~,,,,,,
N3,109,そのために,sono tame ni,hence; for that reason; because of~,,,,,,
N3,110,それとも,soretomo,or; or else,,,,,,
N3,111,そうもない,sou mo nai,very unlikely to~; showing no signs of~,,,,,,
N3,112,すでに,sude ni,something has already been done,,,,,,
N3,113,すなわち,sunawachi,in other words; namely,,,,,,
N3,114,数量 + は,suuryou + wa,at least,,,,,,
N3,115,たものだ,ta mono da,used to do; would often do,,,,,,
N3,116,たとたん,ta totan,as soon as; just as,,,,,,
N3,117,たびに,tabi ni,whenever; every time,,,,,,
N3,118,ために,tame ni,for; in order to; for the benefit of,,,,,,
N3,119,確かに,tashika ni,"surely, certainly",,,,,,
N3,120,たて,tate,just done; freshly done; newly done,,,,,,
N3,121,たとえ～ても,tatoe~temo,even if… is the case,,,,,,
N3,122,例えば,tatoeba,for example,,,,,,
N3,123,たって,tatte,even if; even though; no matter how,,,,,,
N3,124,てばかりいる,te bakari iru,only; nothing but~,,,,,,
N3,125,てごらん,te goran,(please) try to; (please) look,,,,,,
N3,126,てはじめて,te hajimete,not until; only after [x] did I,,,,,,
N3,127,てからでないと,te kara de nai to,must first do; cannot do without~,,,,,,
N3,128,てしょうがない,te shou ga nai,can't help but~; very; extremely,,,,,,
N3,129,て済む,te sumu,sufficient by; resolve by~,,,,,,
N3,130,てはいけないから,te wa ikenai kara,in order to not~,,,,,,
N3,131,ている場合じゃない,teiru baai janai,this is no time to be doing~,,,,,,
N3,132,的,teki,change noun into na-adjective,,,,,,
N3,133,ても始まらない,temo hajimaranai,even if you... it’s no use;,,,,,,
N3,134,てもかまわない,temo kamawanai,it doesn't matter if ~,,,,,,
N3,135,てもしょうがない,temo shou ga nai,there's no point to~; it's no use to~,,,,,,
N3,136,と言えば,to ieba,speaking of; when you talk of~,,,,,,
N3,137,といい / たらいい,to ii / tara ii,it would be nice if; should; I hope~,,,,,,
N3,138,といっても,to ittemo,although I say; although one might say~,,,,,,
N3,139,ということだ,to iu koto da,I heard; it means~; in other words~,,,,,,
N3,140,というのは,to iu nowa,this means~; because~; that is to say,,,,,,
N3,141,と言うと,to iu to,speaking of; when you say~,,,,,,
N3,142,というより,to iu yori,rather than~,,,,,,
N3,143,とみえる / とみえて,to mieru / to miete,it seems that~,,,,,,
N3,144,とすれば,to sureba,in the case of~; assuming~; if A then B,,,,,,
N3,145,と共に,to tomo ni,together with; at the same time as,,,,,,
N3,146,途中で,tochuu de,on the way; in the middle of~,,,,,,
N3,147,ところで,tokoro de,by the way~,,,,,,
N3,148,ところが,tokoro ga,even so; however; even though~,,,,,,
N3,149,とおりに,toori ni,in the same way as; in the way; as~,,,,,,
N3,150,通す,toosu,to do until the end; to continually do,,,,,,
N3,151,として,toshite,as~; in the role of~,,,,,,
N3,152,とても～ない,totemo~nai,cannot possibly be; hardly~,,,,,,
N3,153,とは限らない,towa kagiranai,not necessarily so; is not always true,,,,,,
N3,154,つい,tsui,accidentally; unintentionally,,,,,,
N3,155,ついに,tsui ni,finally ~; at last ~; in the end,,,,,,
N3,156,ついでに,tsuide ni,"while, incidentally, at the same time",,,,,,
N3,157,つまり,tsumari,in other words; in summary; in short,,,,,,
N3,158,つもりだった,tsumori datta,I thought I~; I believe I did~,,,,,,
N3,159,つもりで,tsumori de,with the intention of doing~,,,,,,
N3,160,うちに,uchi ni,while; before~,,,,,,
N3,161,上で,ue de,upon; after; when; for; in order to,,,,,,
N3,162,上に,ue ni,as well; not only… but also,,,,,,
N3,163,は別として,wa betsu toshite,aside from; whether or not~,,,,,,
N3,164,はもちろん,wa mochiron,not to mention; not only; but also~,,,,,,
N3,165,は～で有名,wa~de yuumei,famous for~,,,,,,
N3,166,わけだ,wake da,for that reason; no wonder,,,,,,
N3,167,わけではない,wake dewa nai,it doesn’t mean that~,,,,,,
N3,168,わけがない,wake ga nai,there is no way that~,,,,,,
N3,169,わけにはいかない,wake niwa ikanai,must not; cannot afford to; must~,,,,,,
N3,170,割に,wari ni,considering; relatively; unexpectedly,,,,,,
N3,171,わざと,wazato,on purpose; intentionally~,,,,,,
N3,172,わざわざ,wazawaza,to go to the trouble of,,,,,,
N3,173,よりも,yorimo,rather than~; more than~,,,,,,
N3,174,ようがない,you ga nai,there is no way to; it’s impossible to~,,,,,,
N3,175,ような気がする,you na ki ga suru,have a feeling that; feels like; seems like,,,,,,
N3,176,ように,you ni,"in order to, so that~",,,,,,
N3,177,ように見える,you ni mieru,to look; to seem; to appear~,,,,,,
N3,178,ようとしない,you to shinai,not try to; not make an effort to~,,,,,,
N3,179,ようとする,you to suru,try to; attempt to; be about to~,,,,,,
N3,180,ずに,zuni,without doing~,,,,,,
N3,181,ずにはいられない,zuni wa irarenai,can’t help but feel; can’t help but do,,,,,,
N3,182,ずつ,zutsu,apiece; each; at a time,,,,,,
N2,1,あげく,ageku,to end up; in the end; finally; after all,,,,,,
N2,2,あるいは,aruiwa,or; either; maybe; perhaps; possibly,,,,,,
N2,3,ばかり,bakari,"about, approximately",,,,,,
N2,4,ばかりだ,bakari da,continue to (go in negative direction),,,,,,
N2,5,ばかりか,bakari ka,not only.. but also; as well as,,,,,,
N2,6,ばかりに,bakari ni,simply because; on account of,,,,,,
N2,7,ちなみに,chinamini,by the way; incidentally,,,,,,
N2,8,ちっとも～ない,chitto mo~nai,(not) at all; (not) in the least,,,,,,
N2,9,だけあって,dake atte,being the case; precisely because,,,,,,
N2,10,だけましだ,dake mashi da,it’s better than; should feel grateful for,,,,,,
N2,11,だけに,dake ni,being the case; precisely because,,,,,,
N2,12,だけのことはある,dake no koto wa aru,as expected of; not for nothing,,,,,,
N2,13,だけは,dake wa,to do all that one can,,,,,,
N2,14,だって,datte,because; but; after all; even; too,,,,,,
N2,15,でしかない,de shika nai,merely; nothing but; no more than,,,,,,
N2,16,どころではない,dokoro dewa nai,not the time for; far from,,,,,,
N2,17,どころか,dokoro ka,far from; anything but; let alone,,,,,,
N2,18,どうやら,dou yara,apparently; seems like; somehow,,,,,,
N2,19,どうせ,douse,anyhow; in any case; at any rate,,,,,,
N2,20,得ない,enai,unable to; cannot; it is not possible to~,,,,,,
N2,21,得る,eru / uru,can; to be able to; is possible to~,,,,,,
N2,22,再び,futatabi,again; once more,,,,,,
N2,23,ふうに,fuu ni,this way; that way; in such a way; how,,,,,,
N2,24,がきっかけで,ga kikkake de,as a result of; taking advantage of,,,,,,
N2,25,げ,ge,looks like; seems like; appears to,,,,,,
N2,26,逆に,gyaku ni,conversely; on the contrary,,,,,,
N2,27,反面,hanmen,"while, although; on the other hand",,,,,,
N2,28,果たして,hatashite,as was expected; sure enough; really,,,,,,
N2,29,一応,ichiou,more or less; pretty much; roughly,,,,,,
N2,30,以外,igai,with the exception of; excepting,,,,,,
N2,31,以上に,ijou ni,more than; not less than; beyond,,,,,,
N2,32,以上は,ijou wa,because; since; seeing that,,,,,,
N2,33,いきなり,ikinari,abruptly; suddenly; all of a sudden,,,,,,
N2,34,一気に,ikki ni,in one go; without stopping; all at once,,,,,,
N2,35,一方で,ippou de,"on one hand, on the other hand",,,,,,
N2,36,いわゆる,iwayuru,what is called; as it is called; so-called,,,,,,
N2,37,いよいよ,iyoiyo,at last; finally; beyond doubt,,,,,,
N2,38,上,jou,for the sake of; from the standpoint of,,,,,,
N2,39,かのように,ka no you ni,as if; just like,,,,,,
N2,40,かと思ったら,ka to omottara,just when; no sooner than,,,,,,
N2,41,か～ないかのうちに,ka~nai ka no uchi ni,just as; right after; as soon as,,,,,,
N2,42,かえって,kaette,on the contrary; rather; all the more,,,,,,
N2,43,限り,kagiri,as long as; while… is the case; as far as,,,,,,
N2,44,甲斐がある,kai ga aru,it’s worth one’s efforts to do something,,,,,,
N2,45,かねない,kanenai,(someone) might do something,,,,,,
N2,46,かねる,kaneru,unable to do something; can’t do~,,,,,,
N2,47,から言うと,kara iu to,in terms of; from the point of view of,,,,,,
N2,48,からこそ,kara koso,precisely because,,,,,,
N2,49,から見ると,kara miru to,from the point of view of; judging from,,,,,,
N2,50,からには,kara niwa,now that; since; so long as; because,,,,,,
N2,51,からして,kara shite,judging from; based on; since; from,,,,,,
N2,52,からすると,kara suru to,judging from; considering,,,,,,
N2,53,からと言って,kara to itte,just because; even if; even though~,,,,,,
N2,54,っこない,kkonai,no chance of; definitely not possible,,,,,,
N2,55,ことだ,koto da,should do~ (suggestions or advice),,,,,,
N2,56,ことだから,koto dakara,because; since~,,,,,,
N2,57,ことか,koto ka,how…!; what…!,,,,,,
N2,58,ことなく,koto naku,without doing something even once,,,,,,
N2,59,ことに,koto ni,emphasize speaker's feelings,,,,,,
N2,60,ことにはならない,koto niwa naranai,just because… doesn’t mean~,,,,,,
N2,61,くせして,kuse shite,although~; despite the fact that~,,,,,,
N2,62,まだしも,madashimo,rather; better,,,,,,
N2,63,まい,mai,will not; intend not to,,,,,,
N2,64,ままに,mama ni,"as, to do as~",,,,,,
N2,65,全く～ない,mattaku~nai,not at all~,,,,,,
N2,66,もかまわず,mo kamawazu,without caring; without worrying,,,,,,
N2,67,も当然だ,mo touzen da,it’s only natural; no wonder,,,,,,
N2,68,もの / もん,mono / mon,because; reason/ excuse/dissatisfaction,,,,,,
N2,69,ものだ,mono da,describe feeling; express memories,,,,,,
N2,70,ものだから,mono dakara,so; therefore; the reason for something,,,,,,
N2,71,ものではない,mono dewa nai,shouldn’t do something; it’s impossible,,,,,,
N2,72,ものがある,mono ga aru,there is such a thing; to be the case,,,,,,
N2,73,ものか / もんか,mono ka / mon ka,as if; there's no way~,,,,,,
N2,74,ものなら,mono nara,"if [A] is possible, then [B]",,,,,,
N2,75,ものの,monono,but; although; even though~,,,,,,
N2,76,もっとも,motto mo,but then; although; though~,,,,,,
N2,77,もう少しで,mou sukoshi de,"almost; nearly, close to~",,,,,,
N2,78,ないではいられない,nai dewa irarenai,can’t help but feel; can’t help but do,,,,,,
N2,79,ないことには～ない,nai koto niwa~nai,unless you~,,,,,,
N2,80,中を /中では,naka o /naka dewa,in; on; in the midst of; when; while~,,,,,,
N2,81,なくはない,naku wa nai,it’s not that; I may (double negative),,,,,,
N2,82,なくて済む,nakute sumu,get by without doing~,,,,,,
N2,83,何も～ない,nani mo~nai,nothing; (not) ~ at all,,,,,,
N2,84,なお,nao,still; yet; furthermore; in addition~,,,,,,
N2,85,ねばならない,neba naranai,have to do; must; should~,,,,,,
N2,86,にあたって,ni atatte,at the time; on the occasion of~,,,,,,
N2,87,にほかならない,ni hoka naranai,nothing but; none other than~,,,,,,
N2,88,に限らず,ni kagirazu,not just; not only.. but also~,,,,,,
N2,89,に限る,ni kagiru,is best; nothing is better than~,,,,,,
N2,90,に限って,ni kagitte,only; in particular~,,,,,,
N2,91,に関わらず,ni kakawarazu,in spite of; regardless of~,,,,,,
N2,92,に関わる,ni kakawaru,to relate to; to have to do with,,,,,,
N2,93,に決まっている,ni kimatte iru,certainly; I’m sure/certain that,,,,,,
N2,94,に越したことはない,ni koshita koto wa nai,"it’s best that, nothing better than",,,,,,
N2,95,に応えて,ni kotaete,in response to,,,,,,
N2,96,に加えて,ni kuwaete,in addition,,,,,,
N2,97,に基づいて,ni motozuite,based on; on the basis of,,,,,,
N2,98,に向かって,ni mukatte,to face; to go towards; to head to,,,,,,
N2,99,に応じて,ni oujite,depending on; in accordance with,,,,,,
N2,100,に際して,ni saishite,on the occasion of; at the time of,,,,,,
N2,101,に先立ち,ni sakidachi,before; prior to,,,,,,
N2,102,にせよ/ にしろ,ni seyo/ ni shiro,even if; regardless; whether... or,,,,,,
N2,103,にしろ～にしろ,ni shiro~ni shiro,whether… or~,,,,,,
N2,104,にしたら,ni shitara,from one’s perspective,,,,,,
N2,105,にしても,ni shitemo,regardless of whether,,,,,,
N2,106,に沿って,ni sotte,along with; in accordance with,,,,,,
N2,107,に相違ない,ni soui nai,without a doubt; certain; sure,,,,,,
N2,108,に過ぎない,ni suginai,no more than; just; merely; only~,,,,,,
N2,109,に伴って,ni tomonatte,as; due to; with; along with; following,,,,,,
N2,110,につけ,ni tsuke,every time; whenever; as; whether,,,,,,
N2,111,につき,ni tsuki,due to; because of; per; each,,,,,,
N2,112,にわたって,ni watatte,throughout; over a period of,,,,,,
N2,113,にも関わらず,nimo kakawarazu,despite; in spite of; nevertheless,,,,,,
N2,114,にて,nite,"in, at, with, by (formal particle)",,,,,,
N2,115,のももっともだ,no mo motto mo da,no wonder; …is only natural,,,,,,
N2,116,の下で,no moto de,under; with~,,,,,,
N2,117,の上では,no ue de wa,according to; from the viewpoint of~,,,,,,
N2,118,のみならず,nominarazu,not only; besides; as well as~,,,,,,
N2,119,ぬ,nu,negative verb conjugation (traditional),,,,,,
N2,120,抜きにして,nuki ni shite,without; leaving out; cutting out~,,,,,,
N2,121,抜く,nuku,from beginning to end; completely,,,,,,
N2,122,を契機に,o keiki ni,as a good opportunity/chance to,,,,,,
N2,123,をめぐって,o megutte,concerning; in regard to~,,,,,,
N2,124,をもとに,o moto ni,based on; derived from; building on,,,,,,
N2,125,を除いて,o nozoite,except; with the exception of,,,,,,
N2,126,を問わず,o towazu,regardless of; irrespective of; no matter,,,,,,
N2,127,お～願う,o~negau,please do; could you please~,,,,,,
N2,128,おまけに,omake ni,to make matters worse; what's more,,,,,,
N2,129,恐らく,osoraku,perhaps; likely; probably; I dare say~,,,,,,
N2,130,恐れがある,osore ga aru,it is feared that; to be in danger of,,,,,,
N2,131,及び,oyobi,and; as well as~,,,,,,
N2,132,ろくに～ない,roku ni~nai,not well; not enough; improperly,,,,,,
N2,133,幸いなことに,saiwai na koto ni,fortunately; luckily; thankfully~,,,,,,
N2,134,せいか,sei ka,perhaps because~,,,,,,
N2,135,せっかく,sekkaku,especially; (thank you for) troubling to,,,,,,
N2,136,せめて,semete,at least; at most~,,,,,,
N2,137,次第,shidai,"as soon as, dependent upon",,,,,,
N2,138,次第で,shidai de,depending on; so~,,,,,,
N2,139,次第に,shidai ni,gradually; in sequence; in order,,,,,,
N2,140,しかも,shikamo,moreover; furthermore; what’s more~,,,,,,
N2,141,その上,sono ue,besides; in addition; furthermore~,,,,,,
N2,142,それなのに,sore na noni,and yet; despite this; but even so~,,,,,,
N2,143,それなら,sore nara,if that’s the case; if so~,,,,,,
N2,144,それにしても,sore ni shitemo,nevertheless; at any rate; even so,,,,,,
N2,145,そう言えば,sou ieba,come to think of it~,,,,,,
N2,146,そうすると,sou suru to,having done that; if that is done,,,,,,
N2,147,末に,sue ni,finally; after; following; at the end,,,,,,
N2,148,少しも～ない,sukoshi mo~nai,not one bit; not even a little~,,,,,,
N2,149,少なくとも,sukunaku tomo,at least~,,,,,,
N2,150,直ちに,tadachi ni,at once; immediately; directly,,,,,,
N2,151,たまえ,tamae,do~; order somebody to do something,,,,,,
N2,152,てばかりはいられない,te bakari wa irarenai,can’t keep doing~,,,,,,
N2,153,てでも,te demo,even if I have to; by all means~,,,,,,
N2,154,て以来,te irai,since; henceforth~,,,,,,
N2,155,ていては,te ite wa,if one keeps doing~,,,,,,
N2,156,てこそ,te koso,now that; since (something happened),,,,,,
N2,157,てまで,te made,even; will go far so as to~,,,,,,
N2,158,てならない,te naranai,can't help but; dying to; extremely~,,,,,,
N2,159,てたまらない,te tamaranai,can't help but; dying to; extremely~,,,,,,
N2,160,て当然だ,te touzen da,natural; as a matter of course,,,,,,
N2,161,ては / では,tewa / dewa,whenever; if; when~; repetitive action,,,,,,
N2,162,てはいられない,tewa irarenai,can’t afford to; unable to~,,,,,,
N2,163,てはならない,tewa naranai,must not; cannot; should not~,,,,,,
N2,164,ては～ては,tewa~tewa,repetitive situations/actions,,,,,,
N2,165,と同時に,to douji ni,at the same time as; while,,,,,,
N2,166,といった,to itta,like; such as~,,,,,,
N2,167,というふうに,to iu fuu ni,in such a way that~,,,,,,
N2,168,ということは,to iu koto wa,that is to say; in other words~,,,,,,
N2,169,というものだ,to iu mono da,something like; something called~,,,,,,
N2,170,というものではない,to iu mono dewa nai,there is no guarantee that~,,,,,,
N2,171,と考えられる,to kangaerareru,one can think that; it is conceivable that,,,,,,
N2,172,とか（で）,toka (de),I heard that~,,,,,,
N2,173,とっくに,tokku ni,long ago; already; a long time ago,,,,,,
N2,174,ところだった,tokoro datta,was just about to do something,,,,,,
N2,175,ところに,tokoro ni,at the time; just as I was~,,,,,,
N2,176,ところを見ると,tokoro o miru to,judging from; seeing that~,,,,,,
N2,177,とも,tomo,even if; no matter; though~,,,,,,
N2,178,としても,toshitemo,assuming; even if~,,,,,,
N2,179,つつ,tsutsu,while; even though; despite~,,,,,,
N2,180,つつある,tsutsu aru,to be doing; in the process of doing~,,,,,,
N2,181,上は,ue wa,now that; since; as long as~,,,,,,
N2,182,はもとより,wa moto yori,also; let alone; from the beginning,,,,,,
N2,183,はともかく,wa tomokaku,anyhow; anyway; regardless,,,,,,
N2,184,わずかに,wazuka ni,slightly; only; barely; narrowly~,,,,,,
N2,185,やがて,yagate,before long; soon; almost; eventually~,,,,,,
N2,186,やら～やら,yara~yara,such things as A and B; and so on~,,,,,,
N2,187,よほど / よっぽど,yohodo / yoppodo,very; greatly; much; to a large extent,,,,,,
N2,188,より [2],yori,"from~ (a time, place, or person)",,,,,,
N2,189,よりほかない,yori hoka nai,to have no choice but~,,,,,,
N2,190,ようでは,you dewa,if~ (bad result),,,,,,
N2,191,ようではないか,you dewa nai ka,let’s do (something); why don’t we~,,,,,,
N2,192,ようか～まいか,you ka~mai ka,whether or not; considering options,,,,,,
N2,193,要するに,you suru ni,in short; in a word; to sum up,,,,,,
N2,194,ざるを得ない,zaru o enai,cannot help (doing); have no choice but,,,,,,
N2,195,ずに済む,zu ni sumu,get by without doing~,,,,,,
N1,1,敢えて,aete,dare to; deliberately; purposely ~,,,,,,
N1,2,あくまでも,akumade mo,to the end; persistently; is still very ~,,,,,,
N1,3,案の定,an no jou,just as one thought; sure enough,,,,,,
N1,4,あらかじめ,arakajime,beforehand; in advance; previously,,,,,,
N1,5,あっての,atte no,which can exist solely due to,,,,,,
N1,6,ばこそ,ba koso,only because ~,,,,,,
N1,7,ばそれまでだ /たらそれまでだ,ba sore made da / tara sore made da,if… then it’s over,,,,,,
N1,8,べからず / べからざる,bekarazu/ bekarazaru,must not; should not; do not ~,,,,,,
N1,9,べく,beku,in order to; for the purpose of ~,,,,,,
N1,10,べくもない,beku mo nai,cannot possibly be ~,,,,,,
N1,11,べくして,beku shite,as it is bound to (happen),,,,,,
N1,12,びる / びて / びた,biru / bite / bita,to seem to be; to appear; to behave as ~,,,,,,
N1,13,ぶり / っぷり,buri / ppuri,style; manner; way,,,,,,
N1,14,ぶる / ぶって / ぶった,buru / butte / butta,behaving like; to pretend / act like ~,,,,,,
N1,15,だに / だにしない,dani / dani shinai,even; not even ~,,,,,,
N1,16,だの〜だの,dano~dano,and; and the like; and so forth ~,,,,,,
N1,17,だろうに,darou ni,"(1) surely..., but ~ (2) should have ~",,,,,,
N1,18,であれ / であろうと,de are / de arou to,whoever; whatever; however; even ~,,,,,,
N1,19,であれ〜であれ,de are~de are,whether [A] or [B],,,,,,
N1,20,でもあり〜でもある,demo ari~demo aru,to also be; both… and ~,,,,,,
N1,21,でも何でもない /くも何ともない,demo nan demo nai / kumo nan tomo nai,not in the least; nothing like that,,,,,,
N1,22,でなくてなんだろう,denakute nan darou,must be; is definitely ~,,,,,,
N1,23,ではあるまいか,dewa arumai ka,isn't it; I wonder if it’s not ~,,,,,,
N1,24,ではあるまいし,dewa arumai shi,it’s not like; it isn’t as if ~,,,,,,
N1,25,では済まない,dewa sumanai,it doesn’t end with just ~,,,,,,
N1,26,どうにも〜ない,dou nimo~nai,not … by any means,,,,,,
N1,27,が早いか,ga hayai ka,no sooner than; as soon as ~,,,,,,
N1,28,が/も〜なら、〜も〜だ,"ga/mo~nara, ~mo~da",negative connection/comparison,,,,,,
N1,29,がましい,gamashii,look like; sound like; somewhat like ~,,,,,,
N1,30,がてら,gatera,while; at the same time; coincidentally,,,,,,
N1,31,ごとき/ごとく/ごとし,gotoki/gotoku/gotoshi,like; as if; the same as ~,,,,,,
N1,32,ぐるみ,gurumi,together (with); -wide,,,,,,
N1,33,羽目になる,hame ni naru,to get stuck with (unpleasant),,,,,,
N1,34,ほどのことではない,hodo no koto dewa nai,it's not worth; no need to ~,,,,,,
N1,35,ほうがましだ,hou ga mashi da,better than; would rather ~,,,,,,
N1,36,放題,houdai,doing as one pleases; uncontrolled,,,,,,
N1,37,いかんだ / いかんでは/ いかんによっては,ikan da / ikan dewa / ikan ni yotte wa,in accordance with; depending on ~,,,,,,
N1,38,いかんにかかわらず /いかんによらず /いかんをとわず,ikan ni kakawarazu / ikan ni yorazu /ikan o towazu,regardless of; whether or not ~,,,,,,
N1,39,いかなる,ikanaru,any kind of; every; whatever,,,,,,
N1,40,いかに,ikani,how; in what way; to what extent,,,,,,
N1,41,いかにも,ikani mo,indeed; really; just (like); very ~,,,,,,
N1,42,いずれにしても / いずれにしろ / いずれにせよ,izure ni shitemo / izure ni shiro / izure ni seyo,anyhow; anyway; in any case ~,,,,,,
N1,43,じみた,jimita,to become; to appear like; to look like ~,,,,,,
N1,44,か否か,ka ina ka,whether or not ~,,,,,,
N1,45,かと思いきや,ka to omoikiya,contrary to expectations,,,,,,
N1,46,限りだ,kagiri da,to feel strongly,,,,,,
N1,47,甲斐もなく,kai mo naku,despite; even though ~,,,,,,
N1,48,可能性がある,kanousei ga aru,may/might; there’s a possibility that ~,,,,,,
N1,49,からある / からする/ からの,kara aru / kara suru / kara no,at least; as much as; as many as ~,,,,,,
N1,50,かれ〜かれ,kare~kare,sooner or later; more or less,,,,,,
N1,51,かたがた,katagata,while; at the same time; incidentally ~,,,,,,
N1,52,かたわら,katawara,while; at the same time; in addition,,,,,,
N1,53,かつて,katsute,once; before; formerly; former; ex-,,,,,,
N1,54,嫌いがある,kirai ga aru,bad habit; to have a tendency to ~,,,,,,
N1,55,切りがない,kiri ga nai,endless; boundless; there’s no end to ~,,,,,,
N1,56,きっての,kitte no,the most / greatest … of all,,,,,,
N1,57,極まる / 極まりない,kiwamaru/ kiwamarinai,extremely; very ~,,,,,,
N1,58,こそあれ,koso are,although; even though ~,,,,,,
N1,59,こそすれ,koso sure,and; although; but ~,,,,,,
N1,60,こそ「〜が・けれど」,koso~ga/keredo,but; although (emphasis),,,,,,
N1,61,ことごとく,koto gotoku,altogether; entirely; completely ~,,,,,,
N1,62,ことこの上ない / この上ない / この上なく,koto kono ue nai / kono ue nai / kono ue naku,the most of all; the best; nothing is more ... than ~,,,,,,
N1,63,こともあって,koto mo atte,partly because; also because of ~,,,,,,
N1,64,ことなしに,koto nashi ni,without doing something,,,,,,
N1,65,ことのないように,koto no nai you ni,so as not to; to not ~,,,,,,
N1,66,こととて,koto tote,because; since ~,,,,,,
N1,67,くらいなら,kurai nara,rather than (do ...),,,,,,
N1,68,くらいのものだ,kurai no mono da,only (emphasis),,,,,,
N1,69,までだ / までのことだ,made da/no koto da,only; just; nothing else,,,,,,
N1,70,までもない / までもなく,made mo nai/naku,there's no need to; not necessary to ~,,,,,,
N1,71,まじき,majiki,should not; must not ~,,,,,,
N1,72,まくる,makuru,to do over and over again,,,,,,
N1,73,まみれ,mamire,covered with; stained; smeared with ~,,,,,,
N1,74,まるっきり,marukkiri,completely; totally; (not) at all ~,,,,,,
N1,75,めく,meku,seems; show signs of ~,,,,,,
N1,76,も同然だ,mo douzen da,just like; same as~,,,,,,
N1,77,もさることながら,mo saru koto nagara,not only... but also ~,,,,,,
N1,78,もしないで,mo shinai de,without even doing ~,,,,,,
N1,79,もはや,mohaya,already; now; no longer; not anymore,,,,,,
N1,80,もので,mono de,because; for that reason,,,,,,
N1,81,ものを,mono o,if only (regret),,,,,,
N1,82,ものと思われる /ものと見られる,mono to omowareru/ mirareru,to think; to suppose; it is believed/expected that ~,,,,,,
N1,83,ものとする,mono to suru,shall; to assume; understood as ~,,,,,,
N1,84,ものとして,mono toshite,to assume; to suppose ~,,,,,,
N1,85,もしくは,moshikuwa,or; otherwise,,,,,,
N1,86,んばかりに,n bakari ni,as if; as though ~,,,,,,
N1,87,んがために,n ga tame ni,in order to ~,,,,,,
N1,88,ながらに / ながらの,nagara ni/no,while; without change,,,,,,
N1,89,ないまでも,nai made mo,not to say; does not reach the level of~,,,,,,
N1,90,ないものでもない,nai mono demo nai,is not entirely impossible,,,,,,
N1,91,ないものか /ないものだろうか,nai mono ka / nai mono darou ka,isn't there; can’t we…?; can’t I…?,,,,,,
N1,92,ないとも限らない,nai tomo kagiranai,not necessarily; maybe; might ~,,,,,,
N1,93,なくしては,nakushite wa,cannot do without ~,,,,,,
N1,94,並み,nami,average; equal to; on par with ~,,,,,,
N1,95,なんという / なんと/ なんて,nan to iu / nanto / nante,"how (beautiful, etc.); what a ~",,,,,,
N1,96,何しろ,nani shiro,anyway; because; as you know ~,,,,,,
N1,97,ならでは,nara dewa,distinctive of; uniquely applying to ~,,,,,,
N1,98,ならいざしらず /はいざしらず,nara iza shirazu / wa iza shirazu,I don't know about ... but ~,,,,,,
N1,99,なり,nari,as soon as; right after ~,,,,,,
N1,100,なりに / なりの,nari ni / nari no,suitable; in one's own way/style,,,,,,
N1,101,なりとも,nari tomo,at least; even just a little,,,,,,
N1,102,なり〜なり,nari~nari,[A] or [B] or something; for instance ~,,,,,,
N1,103,なしに / なしで,nashi ni / nashi de,without; without doing ~,,,,,,
N1,104,に,ni,and; in addition to,,,,,,
N1,105,に値する,ni atai suru,to be worth; to be worthy of ~,,,,,,
N1,106,にあって,ni atte,at; on; during; in the condition of ~,,,,,,
N1,107,に引き換え,ni hikikae,compared to; in contrast to; unlike ~,,,,,,
N1,108,に至る / に至った,ni itaru / ni itatta,leads to; come to a conclusion,,,,,,
N1,109,に至るまで,ni itaru made,as far as; everything from ... to ~,,,,,,
N1,110,に至っても,ni itattemo,even if; although something ~,,,,,,
N1,111,に至っては,ni ittate wa,when it comes to; as for ~,,,,,,
N1,112,に言わせれば,ni iwasereba,if you ask; if one may say ~,,,,,,
N1,113,に限ったことではない,ni kagitta koto dewa nai,not limited to only ~,,,,,,
N1,114,にかかっては /にかかったら / にかかると / かかれば,ni kakatte wa / ni kakattara / ni kakaru to / kakareba,"when handled by (N), becomes a different result",,,,,,
N1,115,にかかっている,ni kakatteiru,depending on ~,,,,,,
N1,116,にかこつけて,ni kako tsukete,to use as a pretext; to use as an excuse,,,,,,
N1,117,にかまけて,ni kamakete,to be too busy; to focus only on ~,,,,,,
N1,118,に難くない,ni katakunai,easy to do; it’s not hard to ~,,,,,,
N1,119,にまつわる,ni matsuwaru,to be related to; to concern with ~,,,,,,
N1,120,に則って,ni nottotte,based on; according to ~,,,,,,
N1,121,に先駆けて,ni sakigakete,prior to; being ahead of ~,,,,,,
N1,122,に忍びない,ni shinobinai,cannot bring oneself (to do),,,,,,
N1,123,にしたところで /としたところで,ni shita tokoro de / to shita tokoro de,even if; even supposing that ~,,,,,,
N1,124,にして,ni shite,"at/on/under conditions (time, position)",,,,,,
N1,125,に即して,ni sokushite,according to; to be based on ~,,,,,,
N1,126,に耐える / に耐えない,ni taeru / ni taenai,worth doing; cannot bear doing ~,,,,,,
N1,127,に足らない/に足りない,ni taranai/tarinai,cannot; not worthy; not worth doing ~,,,,,,
N1,128,に足る / に足りる,ni taru/tariru,can do; worthy; worth doing,,,,,,
N1,129,に照らして,ni terashite,according to; in view of; in light of ~,,,,,,
N1,130,にとどまらず,ni todomarazu,not limited to; not only… but also ~,,,,,,
N1,131,には無理がある,ni wa muri ga aru,difficult to do; is unreasonable,,,,,,
N1,132,によらず,ni yorazu,regardless of ~,,,,,,
N1,133,に〜を重ねて,ni~o kasanete,success after continuous (effort),,,,,,
N1,134,にもほどがある,nimo hodo ga aru,to go too far,,,,,,
N1,135,にも増して,nimo mashite,more than…; above ~,,,,,,
N1,136,には当たらない,niwa ataranai,it’s not worth; there’s no need to ~,,,,,,
N1,137,には及ばない,niwa oyobanai,there is no need to; no match for ~,,,,,,
N1,138,の至り,no itari,utmost; extremely ~,,,,,,
N1,139,の極み,no kiwami,utmost; extremely ~,,,,,,
N1,140,のなんのって,no nan notte,extremely ~ (cannot express in words),,,,,,
N1,141,のやら / ものやら /ことやら,no yara / mono yara/ koto yara,I wonder..; unsure; I don’t know ~,,,,,,
N1,142,のやら〜のやら,no yara~no yara,or ~ (I don't know),,,,,,
N1,143,を踏まえて,o fumaete,to be based on; to take into account ~,,,,,,
N1,144,を経て,o hete,through; by way of; after; via ~,,,,,,
N1,145,を控えて,o hikaete,to be soon; the time has come to ~,,,,,,
N1,146,をいいことに,o ii koto ni,to take advantage of ~,,,,,,
N1,147,を顧みず / も顧みず,o/mo kaerimizu,despite; regardless of ~,,,,,,
N1,148,を限りに,o kagiri ni,starting from; the last time,,,,,,
N1,149,を兼ねて,o kanete,also for the purpose of ~,,,,,,
N1,150,を皮切りに,o kawakiri ni,one after another; starting with ~,,,,,,
N1,151,を機に,o ki ni,as an opportunity/chance to ~,,,,,,
N1,152,を禁じ得ない,o kinji enai,can’t help but; can’t refrain from ~,,,,,,
N1,153,をものともせずに,o mono tomo sezuni,in defiance; not losing to/worrying about ~,,,,,,
N1,154,をもって /をもちまして,o motte /o mochimashite,by means of; with; on / at / as of (time),,,,,,
N1,155,をおいて〜ない,o oite~nai,"can only be; no alternative, only ~",,,,,,
N1,156,を押して /を押し切って,o oshite /o oshikitte,to overcome (opposition),,,,,,
N1,157,を境に,o sakai ni,since ~ (indicates large change),,,,,,
N1,158,を余儀なくされる,o yogi naku sareru,forced to do something (no choice),,,,,,
N1,159,をよそに,o yoso ni,despite; without regards to ~,,,,,,
N1,160,を前提として,o zentei toshite,with the intention to; on the condition,,,,,,
N1,161,思いをする,omoi o suru,to think; to feel ~,,,,,,
N1,162,折に,ori ni,when; at the time; on the occasion ~,,,,,,
N1,163,およそ,oyoso,about; roughly; generally; completely ~,,,,,,
N1,164,さ,sa,ending particle; indicates assertion,,,,,,
N1,165,さも,samo,"really (seem, appear, etc.); truly; as if ~",,,,,,
N1,166,さもないと,samonaito,otherwise; or else; if not ~,,,,,,
N1,167,さぞ,sazo,surely; certainly; no doubt; indeed ~,,,,,,
N1,168,始末だ,shimatsu da,in the end; as a result (negative),,,,,,
N1,169,そばから,soba kara,as soon as; right after ~,,,,,,
N1,170,そびれる,sobireru,to miss a chance; to fail to do ~,,,,,,
N1,171,損なう / 損ねる /損じる,sokonau / sokoneru/ sonjiru,to fail to; miss a chance,,,,,,
N1,172,術がない,sube ga nai,there is no way / means; cannot do ~,,,,,,
N1,173,すら / ですら,sura / de sura,even ~ (with emphasis),,,,,,
N1,174,た弾みに /た拍子に,ta hazumi ni / ta hyoushi ni,"the moment [A], unintentionally caused something to happen",,,,,,
N1,175,たことにする /たことになる,ta koto ni suru / ta koto ni naru,pretend to; contrary to the truth ~,,,,,,
N1,176,たところで,ta tokoro de,"even if; no matter (who, what, when...)",,,,,,
N1,177,たつもりはない,ta tsumori wa nai,have no intention to / didn't mean to ~,,,,,,
N1,178,ただ〜のみだ,tada~nomi da,can do nothing but; only ~,,,,,,
N1,179,ためしがない,tameshi ga nai,is never the case; have never heard of ~,,,,,,
N1,180,たら最後 / たが最後,tara saigo / taga saigo,if you do... negative result,,,,,,
N1,181,たら〜たで,tara~tade,if / in the case... of course / should ~,,,,,,
N1,182,たら〜ところだ,tara~tokoro da,"if... (counterfactual), then would be ~",,,,,,
N1,183,たりとも,tari tomo,not even; not any ~,,,,,,
N1,184,たるもの / たる,taru mono / taru,(that) which is; in capacity of ... should,,,,,,
N1,185,て敵わない,te kanawanai,can't bear to; unable to; troublesome to,,,,,,
N1,186,てからというもの,te kara to iu mono,ever since ~,,,,,,
N1,187,てみせる,te miseru,I’ll do my best; I'll show you ~,,,,,,
N1,188,てしかるべきだ,te shikaru beki da,should; appropriate; natural to do ~,,,,,,
N1,189,て済むことではない,te sumu koto dewa nai,~ is not enough to solve the problem,,,,,,
N1,190,てやまない,te yamanai,always; never stop; can’t help but ~,,,,,,
N1,191,手前,temae,considering; before; one’s standpoint,,,,,,
N1,192,てもどうにもならない,temo dou ni mo naranai,it's no use; can't do anything,,,,,,
N1,193,ても差し支えない,temo sashitsukaenai,can ~; it’s okay if ~ (compromise),,,,,,
N1,194,ても知らない,temo shiranai,if continue... you'll end up / I don't care,,,,,,
N1,195,と相まって,to aimatte,"together with..., more ~",,,,,,
N1,196,とあれば,to areba,if it is the case that; if ~,,,,,,
N1,197,とあって,to atte,due to the fact that; because of ~,,,,,,
N1,198,とばかりに,to bakari ni,as if to say; as though~,,,,,,
N1,199,といえども,to ie domo,even if; even though; despite ~,,,,,,
N1,200,と言えなくもない,to ienaku mo nai,it can also be said that ~,,,,,,
N1,201,といい〜といい,to ii~to ii,both ... and; whether it be ... or ~,,,,,,
N1,202,といったらない,to ittara nai,extremely; nothing more ... than this,,,,,,
N1,203,という,to iu,all; every single ~ (no exceptions),,,,,,
N1,204,というか〜というか,to iu ka~to iu ka,or rather; I mean ~,,,,,,
N1,205,というもの,to iu mono,during; for; since; over a period of time,,,,,,
N1,206,というところだ /といったところだ,to iu tokoro da / to itta tokoro da,at the most; no more than; roughly ~,,,,,,
N1,207,というわけだ,to iu wake da,that's why; no wonder ~,,,,,,
N1,208,というわけではない,to iu wake dewa nai,it’s not that; it doesn’t mean that ~,,,,,,
N1,209,といわず〜といわず,to iwazu~to iwazu,"both; not only A or B, but (overall) ~",,,,,,
N1,210,ときている,to kiteiru,because of ~,,,,,,
N1,211,とみると,to miru to,"as soon as one realizes ..., then ~",,,,,,
N1,212,と見るや,to miru ya,at the sight of; after confirming ~,,,,,,
N1,213,となると / となれば,to naru to / to nareba,when it comes to; in such a case,,,,,,
N1,214,とされる,to sareru,is considered to; it is said that ~,,,,,,
N1,215,ときたら,tokitara,when it comes to; concerning ~,,,,,,
N1,216,ところを,tokoro o,although (it is a certain time/condition),,,,,,
N1,217,ともあろうものが,tomo arou mono ga,of all people... (surprise),,,,,,
N1,218,ともなく / ともなしに,tomo naku/nashi ni,somehow; without knowing/thinking,,,,,,
N1,219,ともすれば,tomo sureba,apt to (do); tend to; liable to; prone to ~,,,,,,
N1,220,とも〜とも,tomo~tomo,unable to draw a conclusion/ judge,,,,,,
N1,221,とりわけ,toriwake,especially; above all ~,,,,,,
N1,222,としたことが,toshita koto ga,"of all people, who would have thought?",,,,,,
N1,223,とっさに,tossa ni,at once; right away; promptly,,,,,,
N1,224,とて,tote,even; even if/though ~,,,,,,
N1,225,とは,towa,I was surprised that; the fact that ~,,,,,,
N1,226,とはいえ,towa ie,though; although; nonetheless,,,,,,
N1,227,とは比べものにならない,towa kurabemono ni naranai,can't compare with ~,,,,,,
N1,228,とは打って変わって/ とは打って変わり,towa utte kawatte / to wa utte kawari,unlike; very different from ~,,,,,,
N1,229,つ〜つ,tsu~tsu,and ~ (indicates 2 contrasting actions),,,,,,
N1,230,尽くす,tsukusu,to use up (completely),,,,,,
N1,231,ってば / ったら,tteba / ttara,speaking of; I told you already,,,,,,
N1,232,うちに入らない,uchi ni hairanai,not really; can't be regarded as ~,,,,,,
N1,233,わ,wa,feminine sentence ending particle,,,,,,
N1,234,はどうであれ,wa dou de are,however; whatever ~,,,,,,
N1,235,はおろか,wa oroka,let alone; needless to say ~,,,,,,
N1,236,はさておき,wa sateoki,setting aside ~,,,,,,
N1,237,はそっちのけで /をそっちのけで,wa socchinoke de / o socchinoke de,ignoring (one thing) for (another),,,,,,
N1,238,わ〜わで,wa~wade,and (list neg. things happening at same time),,,,,,
N1,239,や否や,ya ina ya,as soon as; the moment ~,,,,,,
N1,240,やしない,ya shinai,"should do, but don't; there's no way ~",,,,,,
N1,241,やれ〜やれ,yare~yare,give 2 representative examples (negative),,,,,,
N1,242,ようが / ようと,you ga / you to,even if; no matter how/what ~,,,,,,
N1,243,ようが〜ようが /ようと〜ようと,you ga~you ga / you to~you to,no matter; whether; even if [A] or [B],,,,,,
, ,,,,,,,,,
, ,,,,,,,,,
, ,,,,,,,,,
, ,,,,,,,,,
, ,,,,,,,,,
, ,,,,,,,,,
, ,,,,,,,,,
, ,,,,,,,,,